/control/external_cmd_converter,subscription_callback,/control/current_gate_mode,10
/control/external_cmd_converter,subscription_callback,/localization/kinematic_state,50
/control/external_cmd_converter,timer_callback,1000000000,1
/control/external_cmd_converter,timer_callback,100000000,10
/control/external_cmd_selector,timer_callback,1000000000,1
/control/external_cmd_selector,timer_callback,100000000,10
/control/operation_mode_transition_manager,subscription_callback,/control/command/control_cmd,33
/control/operation_mode_transition_manager,subscription_callback,/control/current_gate_mode,10
/control/operation_mode_transition_manager,subscription_callback,/control/external_cmd_selector/current_selector_mode,10
/control/operation_mode_transition_manager,subscription_callback,/control/vehicle_cmd_gate/operation_mode,10
/control/operation_mode_transition_manager,subscription_callback,/localization/kinematic_state,50
/control/operation_mode_transition_manager,subscription_callback,/planning/scenario_planning/trajectory,10
/control/operation_mode_transition_manager,subscription_callback,/vehicle/status/control_mode,28
/control/operation_mode_transition_manager,timer_callback,100000000,10
/control/vehicle_cmd_gate,subscription_callback,/control/shift_decider/gear_cmd,10
/control/vehicle_cmd_gate,subscription_callback,/control/trajectory_follower/control_cmd,33
/control/vehicle_cmd_gate,subscription_callback,/planning/hazard_lights_cmd,10
/control/vehicle_cmd_gate,subscription_callback,/planning/turn_indicators_cmd,10
/control/vehicle_cmd_gate,subscription_callback,/system/emergency/control_cmd,10
/control/vehicle_cmd_gate,subscription_callback,/system/emergency/gear_cmd,10
/control/vehicle_cmd_gate,subscription_callback,/system/emergency/hazard_lights_cmd,10
/control/vehicle_cmd_gate,subscription_callback,/system/fail_safe/mrm_state,10
/control/vehicle_cmd_gate,subscription_callback,/system/operation_mode/state,---
/control/vehicle_cmd_gate,subscription_callback,/vehicle/status/steering_status,28
/control/vehicle_cmd_gate,timer_callback,1000000000,1
/control/vehicle_cmd_gate,timer_callback,100000000,10
/localization/pose_estimator/ndt_scan_matcher,subscription_callback,/localization/pose_twist_fusion_filter/biased_pose_with_covariance,50
/localization/pose_estimator/ndt_scan_matcher,subscription_callback,/localization/util/downsample/pointcloud,10
/localization/pose_twist_fusion_filter/ekf_localizer,subscription_callback,/localization/pose_estimator/pose_with_covariance,10
/localization/pose_twist_fusion_filter/ekf_localizer,subscription_callback,/localization/twist_estimator/twist_with_covariance,28
/localization/pose_twist_fusion_filter/ekf_localizer,timer_callback,20000000,50
/localization/pose_twist_fusion_filter/stop_filter,subscription_callback,/localization/pose_twist_fusion_filter/kinematic_state,50
/localization/pose_twist_fusion_filter/twist2accel,subscription_callback,/localization/kinematic_state,50
/localization/pose_twist_fusion_filter/twist2accel,subscription_callback,/localization/twist_estimator/twist_with_covariance,28
/localization/twist_estimator/gyro_odometer,subscription_callback,/sensing/imu/imu_data,28
/localization/twist_estimator/gyro_odometer,subscription_callback,/sensing/vehicle_velocity_converter/twist_with_covariance,28
/localization/util/crop_box_filter_measurement_range,subscription_callback,/sensing/lidar/top/outlier_filtered/pointcloud,10
/localization/util/pose_initializer_node,subscription_callback,/sensing/vehicle_velocity_converter/twist_with_covariance,28
/localization/util/random_downsample_filter,subscription_callback,/localization/util/voxel_grid_downsample/pointcloud,10
/localization/util/voxel_grid_downsample_filter,subscription_callback,/localization/util/measurement_range/pointcloud,10
/perception/object_recognition/detection/clustering/outlier_filter,subscription_callback,/perception/object_recognition/detection/clustering/downsampled/pointcloud,10
/perception/object_recognition/detection/clustering/voxel_grid_filter_.*,subscription_callback,/perception/object_recognition/detection/pointcloud_map_filtered/pointcloud,10
/perception/obstacle_segmentation/occupancy_grid_map_outlier_filter,subscription_callback,/perception/obstacle_segmentation/single_frame/pointcloud_raw,10
/perception/obstacle_segmentation/occupancy_grid_map_outlier_filter,subscription_callback,/perception/occupancy_grid_map/map,10
/perception/occupancy_grid_map/occupancy_grid_map_node,subscription_callback,/perception/obstacle_segmentation/single_frame/pointcloud_raw,10
/planning/mission_planning/mission_planner,subscription_callback,/localization/kinematic_state,50
/planning/scenario_planning/lane_driving/behavior_planning/behavior_path_planner,subscription_callback,/localization/acceleration,50
/planning/scenario_planning/lane_driving/behavior_planning/behavior_path_planner,subscription_callback,/localization/kinematic_state,50
/planning/scenario_planning/lane_driving/behavior_planning/behavior_path_planner,subscription_callback,/perception/object_recognition/objects,10
/planning/scenario_planning/lane_driving/behavior_planning/behavior_path_planner,subscription_callback,/perception/occupancy_grid_map/map,10
/planning/scenario_planning/lane_driving/behavior_planning/behavior_path_planner,subscription_callback,/planning/scenario_planning/lane_driving/behavior_planning/behavior_path_planner/input/lateral_offset,---
/planning/scenario_planning/lane_driving/behavior_planning/behavior_path_planner,subscription_callback,/planning/scenario_planning/scenario,10
/planning/scenario_planning/lane_driving/behavior_planning/behavior_path_planner,timer_callback,100000000,10
/planning/scenario_planning/lane_driving/behavior_planning/behavior_velocity_planner,subscription_callback,/localization/acceleration,50
/planning/scenario_planning/lane_driving/behavior_planning/behavior_velocity_planner,subscription_callback,/localization/kinematic_state,50
/planning/scenario_planning/lane_driving/behavior_planning/behavior_velocity_planner,subscription_callback,/perception/object_recognition/objects,10
/planning/scenario_planning/lane_driving/behavior_planning/behavior_velocity_planner,subscription_callback,/perception/obstacle_segmentation/pointcloud,10
/planning/scenario_planning/lane_driving/behavior_planning/behavior_velocity_planner,subscription_callback,/perception/occupancy_grid_map/map,10
/planning/scenario_planning/lane_driving/behavior_planning/behavior_velocity_planner,subscription_callback,/planning/scenario_planning/lane_driving/behavior_planning/path_with_lane_id,10
/planning/scenario_planning/lane_driving/motion_planning/obstacle_avoidance_planner,subscription_callback,/localization/kinematic_state,50
/planning/scenario_planning/lane_driving/motion_planning/obstacle_avoidance_planner,subscription_callback,/perception/object_recognition/objects,10
/planning/scenario_planning/lane_driving/motion_planning/obstacle_avoidance_planner,subscription_callback,/planning/scenario_planning/lane_driving/behavior_planning/path,10
/planning/scenario_planning/lane_driving/motion_planning/obstacle_velocity_limiter,subscription_callback,/localization/kinematic_state,50
/planning/scenario_planning/lane_driving/motion_planning/obstacle_velocity_limiter,subscription_callback,/perception/object_recognition/objects,10
/planning/scenario_planning/lane_driving/motion_planning/obstacle_velocity_limiter,subscription_callback,/perception/obstacle_segmentation/pointcloud,10
/planning/scenario_planning/lane_driving/motion_planning/obstacle_velocity_limiter,subscription_callback,/perception/occupancy_grid_map/map,10
/planning/scenario_planning/lane_driving/motion_planning/obstacle_velocity_limiter,subscription_callback,/planning/scenario_planning/lane_driving/motion_planning/obstacle_avoidance_planner/trajectory,3
/sensing/lidar/concatenate_data,subscription_callback,/sensing/lidar/left/outlier_filtered/pointcloud,10
/sensing/lidar/concatenate_data,subscription_callback,/sensing/lidar/right/outlier_filtered/pointcloud,10
/sensing/lidar/concatenate_data,subscription_callback,/sensing/lidar/top/outlier_filtered/pointcloud,10
/sensing/lidar/top/crop_box_filter_mirror,subscription_callback,/sensing/lidar/top/self_cropped/pointcloud_ex,10
/sensing/lidar/top/crop_box_filter_self,subscription_callback,/sensing/lidar/top/pointcloud_raw_ex,10
/sensing/lidar/top/distortion_corrector_node,subscription_callback,/sensing/lidar/top/mirror_cropped/pointcloud_ex,10
/sensing/lidar/top/distortion_corrector_node,subscription_callback,/sensing/vehicle_velocity_converter/twist_with_covariance,28
/sensing/lidar/top/ring_outlier_filter,subscription_callback,/sensing/lidar/top/rectified/pointcloud_ex,10
/sensing/lidar/top/velodyne_convert_node,subscription_callback,/sensing/lidar/top/velodyne_packets,10
/system/emergency_handler,subscription_callback,/control/command/control_cmd,33
/system/emergency_handler,subscription_callback,/localization/kinematic_state,50
/system/emergency_handler,subscription_callback,/system/emergency/hazard_status,10
/system/emergency_handler,subscription_callback,/system/mrm/comfortable_stop/status,10
/system/emergency_handler,subscription_callback,/system/mrm/emergency_stop/status,30
/system/emergency_handler,subscription_callback,/vehicle/status/control_mode,28
/system/emergency_handler,timer_callback,100000000,10
